BACK,RIGHT,FORWARD,LEFT,tick,steamid,name
False,False,True,False,14642,76561197991272318,ropz
False,False,True,False,14643,76561197991272318,ropz
False,False,True,False,14644,76561197991272318,ropz
False,False,True,False,14645,76561197991272318,ropz
False,False,True,False,14646,76561197991272318,ropz
False,False,True,False,14647,76561197991272318,ropz
False,False,True,False,14648,76561197991272318,ropz
False,False,True,False,14649,76561197991272318,ropz
False,False,True,False,14650,76561197991272318,ropz
False,False,True,False,14651,76561197991272318,ropz
False,False,True,False,14652,76561197991272318,ropz
False,False,True,False,14653,76561197991272318,ropz
False,False,True,False,14654,76561197991272318,ropz
False,False,True,False,14655,76561197991272318,ropz
False,False,True,False,14656,76561197991272318,ropz
False,False,True,False,14657,76561197991272318,ropz
False,False,True,False,14658,76561197991272318,ropz
False,False,True,False,14659,76561197991272318,ropz
False,False,True,False,14660,76561197991272318,ropz
False,False,True,False,14661,76561197991272318,ropz
False,False,True,False,14662,76561197991272318,ropz
False,False,True,False,14663,76561197991272318,ropz
False,False,True,False,14664,76561197991272318,ropz
False,False,True,False,14665,76561197991272318,ropz
False,False,True,False,14666,76561197991272318,ropz
False,False,True,False,14667,76561197991272318,ropz
False,False,True,False,14668,76561197991272318,ropz
False,False,True,False,14669,76561197991272318,ropz
False,False,True,False,14670,76561197991272318,ropz
False,False,True,False,14671,76561197991272318,ropz
False,False,True,False,14672,76561197991272318,ropz
False,False,True,False,14673,76561197991272318,ropz
False,False,True,False,14674,76561197991272318,ropz
False,False,True,False,14675,76561197991272318,ropz
False,False,True,False,14676,76561197991272318,ropz
False,False,True,False,14677,76561197991272318,ropz
False,False,True,False,14678,76561197991272318,ropz
False,False,True,False,14679,76561197991272318,ropz
False,False,True,False,14680,76561197991272318,ropz
False,False,True,False,14681,76561197991272318,ropz
False,False,True,False,14682,76561197991272318,ropz
False,False,True,False,14683,76561197991272318,ropz
False,False,True,False,14684,76561197991272318,ropz
False,False,True,False,14685,76561197991272318,ropz
False,False,True,False,14686,76561197991272318,ropz
False,False,True,False,14687,76561197991272318,ropz
False,False,True,False,14688,76561197991272318,ropz
False,False,True,False,14689,76561197991272318,ropz
False,False,True,False,14690,76561197991272318,ropz
False,False,True,False,14691,76561197991272318,ropz
False,False,True,False,14692,76561197991272318,ropz
False,False,True,False,14693,76561197991272318,ropz
False,False,True,False,14694,76561197991272318,ropz
False,False,True,False,14695,76561197991272318,ropz
False,False,True,False,14696,76561197991272318,ropz
False,False,True,False,14697,76561197991272318,ropz
False,False,True,False,14698,76561197991272318,ropz
False,False,True,False,14699,76561197991272318,ropz
False,False,True,False,14700,76561197991272318,ropz
False,False,True,False,14701,76561197991272318,ropz
False,False,True,False,14702,76561197991272318,ropz
False,False,True,False,14703,76561197991272318,ropz
False,False,True,False,14704,76561197991272318,ropz
False,False,True,False,14705,76561197991272318,ropz
False,False,True,False,14706,76561197991272318,ropz
False,False,True,False,14707,76561197991272318,ropz
False,False,True,False,14708,76561197991272318,ropz
False,False,True,False,14709,76561197991272318,ropz
False,False,True,False,14710,76561197991272318,ropz
False,False,True,False,14711,76561197991272318,ropz
False,False,True,False,14712,76561197991272318,ropz
False,False,True,False,14713,76561197991272318,ropz
False,False,True,False,14714,76561197991272318,ropz
False,False,True,False,14715,76561197991272318,ropz
False,False,True,False,14716,76561197991272318,ropz
False,False,True,False,14717,76561197991272318,ropz
False,False,True,False,14718,76561197991272318,ropz
False,False,True,False,14719,76561197991272318,ropz
False,False,True,False,14720,76561197991272318,ropz
False,False,True,False,14721,76561197991272318,ropz
False,False,True,False,14722,76561197991272318,ropz
False,False,True,False,14723,76561197991272318,ropz
False,False,True,False,14724,76561197991272318,ropz
False,False,True,False,14725,76561197991272318,ropz
False,False,True,False,14726,76561197991272318,ropz
False,False,True,False,14727,76561197991272318,ropz
False,False,True,False,14728,76561197991272318,ropz
False,False,True,False,14729,76561197991272318,ropz
False,False,True,False,14730,76561197991272318,ropz
False,False,True,False,14731,76561197991272318,ropz
False,False,True,False,14732,76561197991272318,ropz
False,False,True,False,14733,76561197991272318,ropz
False,False,True,False,14734,76561197991272318,ropz
False,False,True,False,14735,76561197991272318,ropz
False,False,True,False,14736,76561197991272318,ropz
False,False,True,False,14737,76561197991272318,ropz
False,False,True,False,14738,76561197991272318,ropz
False,False,True,False,14739,76561197991272318,ropz
False,False,True,False,14740,76561197991272318,ropz
False,False,True,False,14741,76561197991272318,ropz
False,False,True,False,14742,76561197991272318,ropz
False,False,True,False,14743,76561197991272318,ropz
False,False,True,False,14744,76561197991272318,ropz
False,False,True,False,14745,76561197991272318,ropz
False,False,True,False,14746,76561197991272318,ropz
False,False,True,False,14747,76561197991272318,ropz
False,False,True,False,14748,76561197991272318,ropz
False,False,True,False,14749,76561197991272318,ropz
False,False,True,False,14750,76561197991272318,ropz
False,False,True,False,14751,76561197991272318,ropz
False,False,True,False,14752,76561197991272318,ropz
False,False,True,False,14753,76561197991272318,ropz
False,False,True,False,14754,76561197991272318,ropz
False,False,True,False,14755,76561197991272318,ropz
False,False,True,False,14756,76561197991272318,ropz
False,False,True,True,14757,76561197991272318,ropz
False,False,True,True,14758,76561197991272318,ropz
False,False,True,True,14759,76561197991272318,ropz
False,False,True,True,14760,76561197991272318,ropz
False,False,True,True,14761,76561197991272318,ropz
False,False,True,True,14762,76561197991272318,ropz
False,False,True,False,14763,76561197991272318,ropz
False,False,True,False,14764,76561197991272318,ropz
False,False,True,False,14765,76561197991272318,ropz
False,False,True,False,14766,76561197991272318,ropz
False,False,True,False,14767,76561197991272318,ropz
False,False,True,False,14768,76561197991272318,ropz
False,False,True,False,14769,76561197991272318,ropz
False,False,True,False,14770,76561197991272318,ropz
False,False,True,False,14771,76561197991272318,ropz
False,False,True,False,14772,76561197991272318,ropz
False,False,True,False,14773,76561197991272318,ropz
False,False,True,False,14774,76561197991272318,ropz
False,False,True,False,14775,76561197991272318,ropz
False,False,True,False,14776,76561197991272318,ropz
False,False,True,False,14777,76561197991272318,ropz
False,False,True,False,14778,76561197991272318,ropz
False,False,True,False,14779,76561197991272318,ropz
False,False,True,False,14780,76561197991272318,ropz
False,False,True,False,14781,76561197991272318,ropz
False,False,True,False,14782,76561197991272318,ropz
False,False,True,False,14783,76561197991272318,ropz
False,False,True,False,14784,76561197991272318,ropz
False,False,True,False,14785,76561197991272318,ropz
False,False,True,False,14786,76561197991272318,ropz
False,False,True,False,14787,76561197991272318,ropz
False,False,True,False,14788,76561197991272318,ropz
False,False,True,False,14789,76561197991272318,ropz
False,False,True,False,14790,76561197991272318,ropz
False,False,True,False,14791,76561197991272318,ropz
False,False,True,False,14792,76561197991272318,ropz
False,False,True,False,14793,76561197991272318,ropz
False,False,True,False,14794,76561197991272318,ropz
False,False,True,False,14795,76561197991272318,ropz
False,False,True,False,14796,76561197991272318,ropz
False,False,True,False,14797,76561197991272318,ropz
False,False,True,False,14798,76561197991272318,ropz
False,False,True,False,14799,76561197991272318,ropz
False,False,True,False,14800,76561197991272318,ropz
False,False,True,False,14801,76561197991272318,ropz
False,False,True,False,14802,76561197991272318,ropz
False,False,True,False,14803,76561197991272318,ropz
False,False,True,False,14804,76561197991272318,ropz
False,False,True,False,14805,76561197991272318,ropz
False,False,True,False,14806,76561197991272318,ropz
False,False,True,False,14807,76561197991272318,ropz
False,False,True,False,14808,76561197991272318,ropz
False,False,True,False,14809,76561197991272318,ropz
False,False,True,False,14810,76561197991272318,ropz
False,False,True,False,14811,76561197991272318,ropz
False,False,True,False,14812,76561197991272318,ropz
False,False,True,False,14813,76561197991272318,ropz
False,False,True,False,14814,76561197991272318,ropz
False,False,True,False,14815,76561197991272318,ropz
False,True,True,False,14816,76561197991272318,ropz
False,True,True,False,14817,76561197991272318,ropz
False,True,True,False,14818,76561197991272318,ropz
False,True,True,False,14819,76561197991272318,ropz
False,True,True,False,14820,76561197991272318,ropz
False,True,True,False,14821,76561197991272318,ropz
False,True,True,False,14822,76561197991272318,ropz
False,True,True,False,14823,76561197991272318,ropz
False,True,True,False,14824,76561197991272318,ropz
False,True,True,False,14825,76561197991272318,ropz
False,True,True,False,14826,76561197991272318,ropz
False,True,True,False,14827,76561197991272318,ropz
False,True,True,False,14828,76561197991272318,ropz
False,True,True,False,14829,76561197991272318,ropz
False,True,True,False,14830,76561197991272318,ropz
False,True,True,False,14831,76561197991272318,ropz
False,True,True,False,14832,76561197991272318,ropz
False,True,True,False,14833,76561197991272318,ropz
False,True,True,False,14834,76561197991272318,ropz
False,True,True,False,14835,76561197991272318,ropz
False,True,True,False,14836,76561197991272318,ropz
False,True,True,False,14837,76561197991272318,ropz
False,True,True,False,14838,76561197991272318,ropz
False,True,True,False,14839,76561197991272318,ropz
False,True,True,False,14840,76561197991272318,ropz
False,True,True,False,14841,76561197991272318,ropz
False,True,True,False,14842,76561197991272318,ropz
False,True,True,False,14843,76561197991272318,ropz
False,True,True,False,14844,76561197991272318,ropz
False,True,True,False,14845,76561197991272318,ropz
False,True,True,False,14846,76561197991272318,ropz
False,True,True,False,14847,76561197991272318,ropz
False,True,True,False,14848,76561197991272318,ropz
False,True,True,False,14849,76561197991272318,ropz
False,True,True,False,14850,76561197991272318,ropz
False,True,True,False,14851,76561197991272318,ropz
False,True,True,False,14852,76561197991272318,ropz
False,True,True,False,14853,76561197991272318,ropz
False,True,True,False,14854,76561197991272318,ropz
False,False,True,False,14855,76561197991272318,ropz
False,False,True,False,14856,76561197991272318,ropz
False,False,True,False,14857,76561197991272318,ropz
False,False,True,False,14858,76561197991272318,ropz
False,False,True,False,14859,76561197991272318,ropz
False,False,True,False,14860,76561197991272318,ropz
False,False,True,False,14861,76561197991272318,ropz
False,False,True,False,14862,76561197991272318,ropz
False,False,True,False,14863,76561197991272318,ropz
False,False,True,False,14864,76561197991272318,ropz
False,False,True,False,14865,76561197991272318,ropz
False,False,True,False,14866,76561197991272318,ropz
False,False,True,False,14867,76561197991272318,ropz
False,False,True,False,14868,76561197991272318,ropz
False,False,True,False,14869,76561197991272318,ropz
False,False,True,False,14870,76561197991272318,ropz
False,False,True,False,14871,76561197991272318,ropz
False,False,True,False,14872,76561197991272318,ropz
False,False,True,False,14873,76561197991272318,ropz
False,False,True,False,14874,76561197991272318,ropz
False,False,True,False,14875,76561197991272318,ropz
False,False,True,False,14876,76561197991272318,ropz
False,False,True,False,14877,76561197991272318,ropz
False,False,True,False,14878,76561197991272318,ropz
False,True,True,False,14879,76561197991272318,ropz
False,True,True,False,14880,76561197991272318,ropz
False,True,True,False,14881,76561197991272318,ropz
False,True,True,False,14882,76561197991272318,ropz
False,True,True,False,14883,76561197991272318,ropz
False,False,True,False,14884,76561197991272318,ropz
False,False,True,False,14885,76561197991272318,ropz
False,False,True,False,14886,76561197991272318,ropz
False,False,True,False,14887,76561197991272318,ropz
False,False,True,False,14888,76561197991272318,ropz
False,False,True,False,14889,76561197991272318,ropz
False,False,True,False,14890,76561197991272318,ropz
False,False,True,False,14891,76561197991272318,ropz
False,False,True,False,14892,76561197991272318,ropz
False,False,True,False,14893,76561197991272318,ropz
False,False,True,False,14894,76561197991272318,ropz
False,False,True,False,14895,76561197991272318,ropz
False,False,True,False,14896,76561197991272318,ropz
False,False,True,False,14897,76561197991272318,ropz
False,False,True,False,14898,76561197991272318,ropz
False,False,True,False,14899,76561197991272318,ropz
False,False,True,False,14900,76561197991272318,ropz
False,True,True,False,14901,76561197991272318,ropz
False,True,True,False,14902,76561197991272318,ropz
False,True,True,False,14903,76561197991272318,ropz
False,True,True,False,14904,76561197991272318,ropz
False,True,True,False,14905,76561197991272318,ropz
False,True,True,False,14906,76561197991272318,ropz
False,False,True,False,14907,76561197991272318,ropz
False,False,True,False,14908,76561197991272318,ropz
False,False,True,False,14909,76561197991272318,ropz
False,False,True,False,14910,76561197991272318,ropz
False,False,True,False,14911,76561197991272318,ropz
False,False,True,False,14912,76561197991272318,ropz
False,False,True,False,14913,76561197991272318,ropz
False,False,True,False,14914,76561197991272318,ropz
False,False,True,False,14915,76561197991272318,ropz
False,False,True,False,14916,76561197991272318,ropz
False,False,True,False,14917,76561197991272318,ropz
False,False,True,False,14918,76561197991272318,ropz
False,False,True,False,14919,76561197991272318,ropz
False,False,True,False,14920,76561197991272318,ropz
False,False,True,False,14921,76561197991272318,ropz
False,False,True,False,14922,76561197991272318,ropz
False,False,True,False,14923,76561197991272318,ropz
False,True,True,False,14924,76561197991272318,ropz
False,True,True,False,14925,76561197991272318,ropz
False,True,True,False,14926,76561197991272318,ropz
False,True,True,False,14927,76561197991272318,ropz
False,False,True,False,14928,76561197991272318,ropz
False,False,True,False,14929,76561197991272318,ropz
False,False,True,False,14930,76561197991272318,ropz
False,False,True,False,14931,76561197991272318,ropz
False,False,True,False,14932,76561197991272318,ropz
False,False,True,False,14933,76561197991272318,ropz
False,False,True,False,14934,76561197991272318,ropz
False,False,True,False,14935,76561197991272318,ropz
False,False,True,False,14936,76561197991272318,ropz
False,False,True,False,14937,76561197991272318,ropz
False,False,True,False,14938,76561197991272318,ropz
False,False,True,False,14939,76561197991272318,ropz
False,False,True,False,14940,76561197991272318,ropz
False,False,True,False,14941,76561197991272318,ropz
False,False,True,False,14942,76561197991272318,ropz
False,False,True,False,14943,76561197991272318,ropz
False,False,True,False,14944,76561197991272318,ropz
False,False,True,True,14945,76561197991272318,ropz
False,False,True,True,14946,76561197991272318,ropz
False,False,True,True,14947,76561197991272318,ropz
False,False,True,True,14948,76561197991272318,ropz
False,False,True,True,14949,76561197991272318,ropz
False,False,True,True,14950,76561197991272318,ropz
False,False,True,True,14951,76561197991272318,ropz
False,False,True,True,14952,76561197991272318,ropz
False,False,True,True,14953,76561197991272318,ropz
False,False,True,True,14954,76561197991272318,ropz
False,False,True,True,14955,76561197991272318,ropz
False,False,True,True,14956,76561197991272318,ropz
False,False,True,True,14957,76561197991272318,ropz
False,False,True,True,14958,76561197991272318,ropz
False,False,True,True,14959,76561197991272318,ropz
False,False,True,True,14960,76561197991272318,ropz
False,False,True,True,14961,76561197991272318,ropz
False,False,True,True,14962,76561197991272318,ropz
False,False,True,True,14963,76561197991272318,ropz
False,False,True,False,14964,76561197991272318,ropz
False,False,True,False,14965,76561197991272318,ropz
False,False,True,False,14966,76561197991272318,ropz
False,False,True,False,14967,76561197991272318,ropz
False,False,True,False,14968,76561197991272318,ropz
False,False,True,False,14969,76561197991272318,ropz
False,False,True,False,14970,76561197991272318,ropz
False,False,True,False,14971,76561197991272318,ropz
False,False,True,True,14972,76561197991272318,ropz
False,False,True,True,14973,76561197991272318,ropz
False,False,True,True,14974,76561197991272318,ropz
False,False,True,True,14975,76561197991272318,ropz
False,False,True,True,14976,76561197991272318,ropz
False,False,True,True,14977,76561197991272318,ropz
False,False,True,True,14978,76561197991272318,ropz
False,False,True,True,14979,76561197991272318,ropz
False,False,True,True,14980,76561197991272318,ropz
False,False,True,True,14981,76561197991272318,ropz
False,False,True,False,14982,76561197991272318,ropz
False,False,True,False,14983,76561197991272318,ropz
False,False,True,False,14984,76561197991272318,ropz
False,False,True,False,14985,76561197991272318,ropz
False,False,True,False,14986,76561197991272318,ropz
False,False,True,False,14987,76561197991272318,ropz
False,False,True,False,14988,76561197991272318,ropz
False,False,True,False,14989,76561197991272318,ropz
False,False,True,False,14990,76561197991272318,ropz
False,False,True,False,14991,76561197991272318,ropz
False,False,True,False,14992,76561197991272318,ropz
False,False,True,True,14993,76561197991272318,ropz
False,False,True,True,14994,76561197991272318,ropz
False,False,True,True,14995,76561197991272318,ropz
False,False,True,True,14996,76561197991272318,ropz
False,False,True,True,14997,76561197991272318,ropz
False,False,True,True,14998,76561197991272318,ropz
False,False,True,True,14999,76561197991272318,ropz
False,False,True,True,15000,76561197991272318,ropz
False,False,True,True,15001,76561197991272318,ropz
False,True,True,False,15002,76561197991272318,ropz
False,True,True,False,15003,76561197991272318,ropz
False,True,True,False,15004,76561197991272318,ropz
False,True,True,False,15005,76561197991272318,ropz
False,True,True,False,15006,76561197991272318,ropz
False,False,True,False,15007,76561197991272318,ropz
False,False,True,False,15008,76561197991272318,ropz
False,False,True,False,15009,76561197991272318,ropz
False,False,True,False,15010,76561197991272318,ropz
False,False,True,False,15011,76561197991272318,ropz
False,False,True,False,15012,76561197991272318,ropz
False,False,True,False,15013,76561197991272318,ropz
False,False,True,False,15014,76561197991272318,ropz
False,False,True,False,15015,76561197991272318,ropz
False,False,True,False,15016,76561197991272318,ropz
False,False,True,False,15017,76561197991272318,ropz
False,False,True,False,15018,76561197991272318,ropz
False,False,True,False,15019,76561197991272318,ropz
False,False,True,False,15020,76561197991272318,ropz
False,False,True,False,15021,76561197991272318,ropz
False,False,True,False,15022,76561197991272318,ropz
False,False,True,False,15023,76561197991272318,ropz
False,False,True,False,15024,76561197991272318,ropz
False,False,True,False,15025,76561197991272318,ropz
False,False,True,False,15026,76561197991272318,ropz
False,False,True,False,15027,76561197991272318,ropz
False,False,True,False,15028,76561197991272318,ropz
False,False,True,False,15029,76561197991272318,ropz
False,False,True,False,15030,76561197991272318,ropz
False,False,True,False,15031,76561197991272318,ropz
False,False,True,False,15032,76561197991272318,ropz
False,False,True,False,15033,76561197991272318,ropz
False,False,True,False,15034,76561197991272318,ropz
False,False,True,False,15035,76561197991272318,ropz
False,False,True,False,15036,76561197991272318,ropz
False,False,True,False,15037,76561197991272318,ropz
False,False,True,False,15038,76561197991272318,ropz
False,False,True,False,15039,76561197991272318,ropz
False,False,True,False,15040,76561197991272318,ropz
False,False,True,False,15041,76561197991272318,ropz
False,False,True,False,15042,76561197991272318,ropz
False,False,True,False,15043,76561197991272318,ropz
False,False,True,False,15044,76561197991272318,ropz
False,False,True,False,15045,76561197991272318,ropz
False,False,True,False,15046,76561197991272318,ropz
False,False,True,False,15047,76561197991272318,ropz
False,False,True,False,15048,76561197991272318,ropz
False,False,True,False,15049,76561197991272318,ropz
False,False,True,False,15050,76561197991272318,ropz
False,False,True,False,15051,76561197991272318,ropz
False,False,True,False,15052,76561197991272318,ropz
False,False,True,False,15053,76561197991272318,ropz
False,False,True,False,15054,76561197991272318,ropz
False,False,True,False,15055,76561197991272318,ropz
False,False,True,False,15056,76561197991272318,ropz
False,False,True,False,15057,76561197991272318,ropz
False,False,True,False,15058,76561197991272318,ropz
False,False,True,False,15059,76561197991272318,ropz
False,False,True,False,15060,76561197991272318,ropz
False,False,True,False,15061,76561197991272318,ropz
False,False,True,False,15062,76561197991272318,ropz
False,False,True,False,15063,76561197991272318,ropz
False,False,True,False,15064,76561197991272318,ropz
False,False,True,False,15065,76561197991272318,ropz
False,False,True,False,15066,76561197991272318,ropz
False,False,True,False,15067,76561197991272318,ropz
False,False,True,False,15068,76561197991272318,ropz
False,False,True,False,15069,76561197991272318,ropz
False,False,True,False,15070,76561197991272318,ropz
False,False,True,False,15071,76561197991272318,ropz
False,False,True,False,15072,76561197991272318,ropz
False,False,True,False,15073,76561197991272318,ropz
False,False,True,False,15074,76561197991272318,ropz
False,False,True,False,15075,76561197991272318,ropz
False,False,True,False,15076,76561197991272318,ropz
False,False,True,False,15077,76561197991272318,ropz
False,False,True,False,15078,76561197991272318,ropz
False,False,True,False,15079,76561197991272318,ropz
False,False,True,False,15080,76561197991272318,ropz
False,False,True,False,15081,76561197991272318,ropz
False,False,True,False,15082,76561197991272318,ropz
False,False,True,False,15083,76561197991272318,ropz
False,False,True,False,15084,76561197991272318,ropz
False,False,True,False,15085,76561197991272318,ropz
False,False,True,False,15086,76561197991272318,ropz
False,False,True,False,15087,76561197991272318,ropz
False,False,True,False,15088,76561197991272318,ropz
False,False,True,False,15089,76561197991272318,ropz
False,False,True,False,15090,76561197991272318,ropz
False,False,True,False,15091,76561197991272318,ropz
False,False,True,False,15092,76561197991272318,ropz
False,False,True,False,15093,76561197991272318,ropz
False,False,True,False,15094,76561197991272318,ropz
False,False,True,False,15095,76561197991272318,ropz
False,False,True,False,15096,76561197991272318,ropz
False,False,True,False,15097,76561197991272318,ropz
False,False,True,False,15098,76561197991272318,ropz
False,False,True,False,15099,76561197991272318,ropz
False,False,True,False,15100,76561197991272318,ropz
False,False,True,False,15101,76561197991272318,ropz
False,False,True,False,15102,76561197991272318,ropz
False,False,True,False,15103,76561197991272318,ropz
False,False,False,False,15104,76561197991272318,ropz
False,False,False,False,15105,76561197991272318,ropz
False,True,False,False,15106,76561197991272318,ropz
False,True,False,False,15107,76561197991272318,ropz
False,True,False,False,15108,76561197991272318,ropz
False,True,False,False,15109,76561197991272318,ropz
False,True,False,False,15110,76561197991272318,ropz
False,True,False,False,15111,76561197991272318,ropz
False,True,False,False,15112,76561197991272318,ropz
False,True,False,False,15113,76561197991272318,ropz
False,False,False,False,15114,76561197991272318,ropz
False,False,True,False,15115,76561197991272318,ropz
False,False,True,False,15116,76561197991272318,ropz
False,False,True,False,15117,76561197991272318,ropz
False,False,True,False,15118,76561197991272318,ropz
False,False,True,False,15119,76561197991272318,ropz
False,False,True,False,15120,76561197991272318,ropz
False,False,True,False,15121,76561197991272318,ropz
False,False,True,False,15122,76561197991272318,ropz
False,False,True,False,15123,76561197991272318,ropz
False,False,True,False,15124,76561197991272318,ropz
False,False,True,False,15125,76561197991272318,ropz
False,False,True,False,15126,76561197991272318,ropz
False,False,True,False,15127,76561197991272318,ropz
False,False,True,False,15128,76561197991272318,ropz
False,False,True,False,15129,76561197991272318,ropz
False,False,True,False,15130,76561197991272318,ropz
False,False,True,False,15131,76561197991272318,ropz
False,False,True,False,15132,76561197991272318,ropz
False,False,True,False,15133,76561197991272318,ropz
False,False,True,False,15134,76561197991272318,ropz
False,False,True,False,15135,76561197991272318,ropz
False,False,True,False,15136,76561197991272318,ropz
False,False,True,False,15137,76561197991272318,ropz
False,False,True,False,15138,76561197991272318,ropz
False,False,True,False,15139,76561197991272318,ropz
False,False,True,False,15140,76561197991272318,ropz
False,False,True,False,15141,76561197991272318,ropz
False,False,True,False,15142,76561197991272318,ropz
False,False,True,False,15143,76561197991272318,ropz
False,False,True,False,15144,76561197991272318,ropz
False,False,True,False,15145,76561197991272318,ropz
False,False,True,False,15146,76561197991272318,ropz
False,False,True,False,15147,76561197991272318,ropz
False,False,True,False,15148,76561197991272318,ropz
False,False,True,False,15149,76561197991272318,ropz
False,False,True,False,15150,76561197991272318,ropz
False,False,True,False,15151,76561197991272318,ropz
False,False,True,False,15152,76561197991272318,ropz
False,False,True,False,15153,76561197991272318,ropz
False,False,True,False,15154,76561197991272318,ropz
False,False,True,False,15155,76561197991272318,ropz
False,False,True,False,15156,76561197991272318,ropz
False,False,True,False,15157,76561197991272318,ropz
False,False,True,False,15158,76561197991272318,ropz
False,False,True,False,15159,76561197991272318,ropz
False,False,True,False,15160,76561197991272318,ropz
False,False,True,False,15161,76561197991272318,ropz
False,False,True,False,15162,76561197991272318,ropz
False,False,True,False,15163,76561197991272318,ropz
False,False,True,False,15164,76561197991272318,ropz
False,False,True,False,15165,76561197991272318,ropz
False,False,True,False,15166,76561197991272318,ropz
False,False,True,False,15167,76561197991272318,ropz
False,False,True,False,15168,76561197991272318,ropz
False,False,True,False,15169,76561197991272318,ropz
False,False,True,False,15170,76561197991272318,ropz
False,False,True,False,15171,76561197991272318,ropz
False,False,True,False,15172,76561197991272318,ropz
False,False,True,False,15173,76561197991272318,ropz
False,False,True,False,15174,76561197991272318,ropz
False,False,True,False,15175,76561197991272318,ropz
False,False,True,True,15176,76561197991272318,ropz
False,False,False,True,15177,76561197991272318,ropz
False,False,False,True,15178,76561197991272318,ropz
False,False,False,True,15179,76561197991272318,ropz
False,False,False,True,15180,76561197991272318,ropz
False,False,False,True,15181,76561197991272318,ropz
False,False,False,True,15182,76561197991272318,ropz
False,False,False,True,15183,76561197991272318,ropz
False,False,False,True,15184,76561197991272318,ropz
False,False,False,False,15185,76561197991272318,ropz
False,True,False,False,15186,76561197991272318,ropz
False,True,False,False,15187,76561197991272318,ropz
False,True,False,False,15188,76561197991272318,ropz
False,True,False,False,15189,76561197991272318,ropz
False,True,False,False,15190,76561197991272318,ropz
False,True,False,False,15191,76561197991272318,ropz
False,True,False,False,15192,76561197991272318,ropz
False,True,False,False,15193,76561197991272318,ropz
False,True,False,False,15194,76561197991272318,ropz
False,True,False,False,15195,76561197991272318,ropz
False,True,False,False,15196,76561197991272318,ropz
False,True,False,False,15197,76561197991272318,ropz
False,True,False,False,15198,76561197991272318,ropz
False,True,False,False,15199,76561197991272318,ropz
False,True,False,False,15200,76561197991272318,ropz
False,True,False,False,15201,76561197991272318,ropz
False,True,False,False,15202,76561197991272318,ropz
False,True,False,False,15203,76561197991272318,ropz
False,True,False,False,15204,76561197991272318,ropz
False,True,False,False,15205,76561197991272318,ropz
False,True,False,False,15206,76561197991272318,ropz
False,True,False,False,15207,76561197991272318,ropz
False,True,False,False,15208,76561197991272318,ropz
False,True,False,False,15209,76561197991272318,ropz
False,True,False,False,15210,76561197991272318,ropz
False,False,False,False,15211,76561197991272318,ropz
False,False,False,True,15212,76561197991272318,ropz
False,False,False,True,15213,76561197991272318,ropz
False,False,False,True,15214,76561197991272318,ropz
False,False,False,True,15215,76561197991272318,ropz
False,False,False,True,15216,76561197991272318,ropz
False,False,False,True,15217,76561197991272318,ropz
False,False,False,True,15218,76561197991272318,ropz
False,False,False,True,15219,76561197991272318,ropz
False,False,False,True,15220,76561197991272318,ropz
False,False,False,True,15221,76561197991272318,ropz
False,False,False,True,15222,76561197991272318,ropz
False,False,False,True,15223,76561197991272318,ropz
False,False,False,True,15224,76561197991272318,ropz
False,False,False,True,15225,76561197991272318,ropz
False,True,False,False,15226,76561197991272318,ropz
False,True,False,False,15227,76561197991272318,ropz
False,True,False,False,15228,76561197991272318,ropz
False,True,False,False,15229,76561197991272318,ropz
False,True,False,False,15230,76561197991272318,ropz
False,True,False,False,15231,76561197991272318,ropz
False,True,False,False,15232,76561197991272318,ropz
False,True,False,False,15233,76561197991272318,ropz
False,True,False,False,15234,76561197991272318,ropz
False,True,False,False,15235,76561197991272318,ropz
False,True,False,False,15236,76561197991272318,ropz
False,True,False,False,15237,76561197991272318,ropz
False,True,False,False,15238,76561197991272318,ropz
False,False,False,False,15239,76561197991272318,ropz
False,False,True,False,15240,76561197991272318,ropz
False,False,True,False,15241,76561197991272318,ropz
False,False,True,False,15242,76561197991272318,ropz
False,False,True,False,15243,76561197991272318,ropz
False,False,True,False,15244,76561197991272318,ropz
False,False,True,False,15245,76561197991272318,ropz
False,False,True,False,15246,76561197991272318,ropz
False,False,True,False,15247,76561197991272318,ropz
False,False,True,False,15248,76561197991272318,ropz
False,False,True,False,15249,76561197991272318,ropz
False,False,True,False,15250,76561197991272318,ropz
False,False,True,False,15251,76561197991272318,ropz
False,True,True,False,15252,76561197991272318,ropz
False,True,True,False,15253,76561197991272318,ropz
False,True,True,False,15254,76561197991272318,ropz
False,True,True,False,15255,76561197991272318,ropz
False,True,True,False,15256,76561197991272318,ropz
False,True,True,False,15257,76561197991272318,ropz
False,False,True,False,15258,76561197991272318,ropz
False,False,True,False,15259,76561197991272318,ropz
False,False,True,False,15260,76561197991272318,ropz
False,False,True,False,15261,76561197991272318,ropz
False,True,True,False,15262,76561197991272318,ropz
False,True,True,False,15263,76561197991272318,ropz
False,True,True,False,15264,76561197991272318,ropz
False,True,True,False,15265,76561197991272318,ropz
False,True,True,False,15266,76561197991272318,ropz
False,True,True,False,15267,76561197991272318,ropz
False,True,True,False,15268,76561197991272318,ropz
False,True,True,False,15269,76561197991272318,ropz
False,False,True,False,15270,76561197991272318,ropz
False,True,True,False,15271,76561197991272318,ropz
False,True,True,False,15272,76561197991272318,ropz
False,True,True,False,15273,76561197991272318,ropz
False,True,True,False,15274,76561197991272318,ropz
False,True,True,False,15275,76561197991272318,ropz
False,True,True,False,15276,76561197991272318,ropz
False,True,True,False,15277,76561197991272318,ropz
False,True,True,False,15278,76561197991272318,ropz
False,True,True,False,15279,76561197991272318,ropz
False,True,True,False,15280,76561197991272318,ropz
False,True,True,False,15281,76561197991272318,ropz
False,True,True,False,15282,76561197991272318,ropz
False,True,True,False,15283,76561197991272318,ropz
False,True,True,False,15284,76561197991272318,ropz
False,True,True,False,15285,76561197991272318,ropz
False,True,True,False,15286,76561197991272318,ropz
False,True,True,False,15287,76561197991272318,ropz
False,True,True,False,15288,76561197991272318,ropz
False,True,True,False,15289,76561197991272318,ropz
False,True,True,False,15290,76561197991272318,ropz
False,True,True,False,15291,76561197991272318,ropz
False,True,True,False,15292,76561197991272318,ropz
False,True,True,False,15293,76561197991272318,ropz
False,True,True,False,15294,76561197991272318,ropz
False,True,True,False,15295,76561197991272318,ropz
False,True,True,False,15296,76561197991272318,ropz
False,True,True,False,15297,76561197991272318,ropz
False,True,True,False,15298,76561197991272318,ropz
False,True,True,False,15299,76561197991272318,ropz
False,True,True,False,15300,76561197991272318,ropz
False,True,True,False,15301,76561197991272318,ropz
False,True,True,False,15302,76561197991272318,ropz
False,True,True,False,15303,76561197991272318,ropz
False,True,True,False,15304,76561197991272318,ropz
False,True,True,False,15305,76561197991272318,ropz
False,True,True,False,15306,76561197991272318,ropz
False,True,True,False,15307,76561197991272318,ropz
False,True,True,False,15308,76561197991272318,ropz
False,True,True,False,15309,76561197991272318,ropz
False,True,True,False,15310,76561197991272318,ropz
False,True,True,False,15311,76561197991272318,ropz
False,True,True,False,15312,76561197991272318,ropz
False,True,True,False,15313,76561197991272318,ropz
False,True,True,False,15314,76561197991272318,ropz
False,True,True,False,15315,76561197991272318,ropz
False,True,True,False,15316,76561197991272318,ropz
False,True,True,False,15317,76561197991272318,ropz
False,True,True,False,15318,76561197991272318,ropz
False,True,True,False,15319,76561197991272318,ropz
False,True,False,False,15320,76561197991272318,ropz
False,True,False,False,15321,76561197991272318,ropz
False,True,False,False,15322,76561197991272318,ropz
False,True,False,False,15323,76561197991272318,ropz
False,True,False,False,15324,76561197991272318,ropz
False,True,False,False,15325,76561197991272318,ropz
False,True,False,False,15326,76561197991272318,ropz
False,True,False,False,15327,76561197991272318,ropz
False,True,False,False,15328,76561197991272318,ropz
False,True,False,False,15329,76561197991272318,ropz
False,True,True,False,15330,76561197991272318,ropz
False,True,True,False,15331,76561197991272318,ropz
False,True,True,False,15332,76561197991272318,ropz
False,True,True,False,15333,76561197991272318,ropz
False,True,True,False,15334,76561197991272318,ropz
False,True,True,False,15335,76561197991272318,ropz
False,True,True,False,15336,76561197991272318,ropz
False,True,True,False,15337,76561197991272318,ropz
False,True,True,False,15338,76561197991272318,ropz
False,True,False,False,15339,76561197991272318,ropz
False,True,False,False,15340,76561197991272318,ropz
False,True,False,False,15341,76561197991272318,ropz
False,True,False,False,15342,76561197991272318,ropz
False,True,False,False,15343,76561197991272318,ropz
False,True,False,False,15344,76561197991272318,ropz
False,True,False,False,15345,76561197991272318,ropz
False,True,True,False,15346,76561197991272318,ropz
False,True,True,False,15347,76561197991272318,ropz
False,True,True,False,15348,76561197991272318,ropz
False,True,True,False,15349,76561197991272318,ropz
False,True,True,False,15350,76561197991272318,ropz
False,True,True,False,15351,76561197991272318,ropz
False,True,True,False,15352,76561197991272318,ropz
False,True,False,False,15353,76561197991272318,ropz
False,True,False,False,15354,76561197991272318,ropz
False,True,False,False,15355,76561197991272318,ropz
False,True,False,False,15356,76561197991272318,ropz
False,True,False,False,15357,76561197991272318,ropz
False,True,False,False,15358,76561197991272318,ropz
False,True,False,False,15359,76561197991272318,ropz
False,True,False,False,15360,76561197991272318,ropz
False,True,False,False,15361,76561197991272318,ropz
False,True,False,False,15362,76561197991272318,ropz
False,True,False,False,15363,76561197991272318,ropz
False,True,False,False,15364,76561197991272318,ropz
False,True,False,False,15365,76561197991272318,ropz
False,True,False,False,15366,76561197991272318,ropz
False,True,False,False,15367,76561197991272318,ropz
False,True,False,False,15368,76561197991272318,ropz
False,True,False,False,15369,76561197991272318,ropz
False,True,False,False,15370,76561197991272318,ropz
False,True,True,False,15371,76561197991272318,ropz
False,True,True,False,15372,76561197991272318,ropz
False,False,True,False,15373,76561197991272318,ropz
False,False,True,False,15374,76561197991272318,ropz
False,False,True,False,15375,76561197991272318,ropz
False,False,True,False,15376,76561197991272318,ropz
False,False,True,False,15377,76561197991272318,ropz
False,False,True,False,15378,76561197991272318,ropz
False,False,True,False,15379,76561197991272318,ropz
False,False,True,False,15380,76561197991272318,ropz
False,False,True,False,15381,76561197991272318,ropz
False,False,True,False,15382,76561197991272318,ropz
False,False,True,False,15383,76561197991272318,ropz
False,False,True,False,15384,76561197991272318,ropz
False,False,True,False,15385,76561197991272318,ropz
False,False,True,False,15386,76561197991272318,ropz
False,False,True,False,15387,76561197991272318,ropz
False,False,True,False,15388,76561197991272318,ropz
False,False,True,False,15389,76561197991272318,ropz
False,False,True,True,15390,76561197991272318,ropz
False,False,True,True,15391,76561197991272318,ropz
False,False,True,True,15392,76561197991272318,ropz
False,False,True,True,15393,76561197991272318,ropz
False,False,True,False,15394,76561197991272318,ropz
False,False,True,False,15395,76561197991272318,ropz
False,False,True,False,15396,76561197991272318,ropz
False,False,True,False,15397,76561197991272318,ropz
False,False,True,False,15398,76561197991272318,ropz
False,False,True,False,15399,76561197991272318,ropz
False,False,True,False,15400,76561197991272318,ropz
False,False,True,False,15401,76561197991272318,ropz
False,False,True,False,15402,76561197991272318,ropz
False,False,True,False,15403,76561197991272318,ropz
False,False,True,False,15404,76561197991272318,ropz
False,True,True,False,15405,76561197991272318,ropz
False,True,True,False,15406,76561197991272318,ropz
False,True,True,False,15407,76561197991272318,ropz
False,True,True,False,15408,76561197991272318,ropz
False,True,True,False,15409,76561197991272318,ropz
False,True,True,False,15410,76561197991272318,ropz
False,True,False,False,15411,76561197991272318,ropz
False,True,False,False,15412,76561197991272318,ropz
False,True,False,False,15413,76561197991272318,ropz
False,True,False,False,15414,76561197991272318,ropz
False,True,False,False,15415,76561197991272318,ropz
False,True,False,False,15416,76561197991272318,ropz
True,True,False,False,15417,76561197991272318,ropz
True,True,False,False,15418,76561197991272318,ropz
True,True,False,False,15419,76561197991272318,ropz
True,True,False,False,15420,76561197991272318,ropz
True,True,False,False,15421,76561197991272318,ropz
True,True,False,False,15422,76561197991272318,ropz
False,True,False,False,15423,76561197991272318,ropz
False,True,False,False,15424,76561197991272318,ropz
False,True,False,False,15425,76561197991272318,ropz
False,True,False,False,15426,76561197991272318,ropz
False,True,False,False,15427,76561197991272318,ropz
False,True,False,False,15428,76561197991272318,ropz
False,True,False,False,15429,76561197991272318,ropz
False,True,False,False,15430,76561197991272318,ropz
False,True,True,False,15431,76561197991272318,ropz
False,True,True,False,15432,76561197991272318,ropz
False,True,True,False,15433,76561197991272318,ropz
False,True,True,False,15434,76561197991272318,ropz
False,True,True,False,15435,76561197991272318,ropz
False,True,True,False,15436,76561197991272318,ropz
False,True,True,False,15437,76561197991272318,ropz
False,False,True,False,15438,76561197991272318,ropz
False,False,True,False,15439,76561197991272318,ropz
False,False,True,False,15440,76561197991272318,ropz
False,False,True,False,15441,76561197991272318,ropz
False,False,True,False,15442,76561197991272318,ropz
False,False,True,False,15443,76561197991272318,ropz
False,False,True,False,15444,76561197991272318,ropz
False,False,True,False,15445,76561197991272318,ropz
False,False,True,False,15446,76561197991272318,ropz
False,True,True,False,15447,76561197991272318,ropz
False,True,True,False,15448,76561197991272318,ropz
False,True,True,False,15449,76561197991272318,ropz
False,True,True,False,15450,76561197991272318,ropz
False,True,True,False,15451,76561197991272318,ropz
False,False,True,False,15452,76561197991272318,ropz
False,False,True,False,15453,76561197991272318,ropz
False,False,True,False,15454,76561197991272318,ropz
False,False,True,False,15455,76561197991272318,ropz
False,False,True,False,15456,76561197991272318,ropz
False,False,True,False,15457,76561197991272318,ropz
False,False,True,False,15458,76561197991272318,ropz
False,False,True,False,15459,76561197991272318,ropz
False,False,True,False,15460,76561197991272318,ropz
False,False,True,False,15461,76561197991272318,ropz
False,False,True,False,15462,76561197991272318,ropz
False,False,True,False,15463,76561197991272318,ropz
False,False,True,False,15464,76561197991272318,ropz
False,False,True,False,15465,76561197991272318,ropz
False,False,True,False,15466,76561197991272318,ropz
False,False,True,False,15467,76561197991272318,ropz
False,False,True,False,15468,76561197991272318,ropz
False,False,True,False,15469,76561197991272318,ropz
False,False,True,False,15470,76561197991272318,ropz
False,False,True,False,15471,76561197991272318,ropz
False,False,True,False,15472,76561197991272318,ropz
False,False,True,False,15473,76561197991272318,ropz
False,False,True,False,15474,76561197991272318,ropz
False,False,True,False,15475,76561197991272318,ropz
False,False,True,False,15476,76561197991272318,ropz
False,False,True,False,15477,76561197991272318,ropz
False,True,True,False,15478,76561197991272318,ropz
False,True,True,False,15479,76561197991272318,ropz
False,True,True,False,15480,76561197991272318,ropz
False,True,True,False,15481,76561197991272318,ropz
False,True,False,False,15482,76561197991272318,ropz
False,True,False,False,15483,76561197991272318,ropz
False,True,False,False,15484,76561197991272318,ropz
False,True,False,False,15485,76561197991272318,ropz
False,True,False,False,15486,76561197991272318,ropz
False,True,False,False,15487,76561197991272318,ropz
False,True,False,False,15488,76561197991272318,ropz
False,True,False,False,15489,76561197991272318,ropz
False,True,False,False,15490,76561197991272318,ropz
False,True,False,False,15491,76561197991272318,ropz
False,False,False,True,15492,76561197991272318,ropz
False,False,False,True,15493,76561197991272318,ropz
False,False,False,True,15494,76561197991272318,ropz
False,False,False,True,15495,76561197991272318,ropz
False,False,False,True,15496,76561197991272318,ropz
False,False,False,True,15497,76561197991272318,ropz
False,False,False,True,15498,76561197991272318,ropz
False,False,False,True,15499,76561197991272318,ropz
False,False,False,True,15500,76561197991272318,ropz
False,False,False,True,15501,76561197991272318,ropz
False,False,False,True,15502,76561197991272318,ropz
False,False,False,True,15503,76561197991272318,ropz
False,False,False,True,15504,76561197991272318,ropz
False,False,False,True,15505,76561197991272318,ropz
False,False,False,True,15506,76561197991272318,ropz
False,False,False,True,15507,76561197991272318,ropz
False,False,False,True,15508,76561197991272318,ropz
False,False,False,True,15509,76561197991272318,ropz
False,False,False,True,15510,76561197991272318,ropz
False,False,False,True,15511,76561197991272318,ropz
False,False,False,True,15512,76561197991272318,ropz
False,False,False,True,15513,76561197991272318,ropz
False,False,False,True,15514,76561197991272318,ropz
False,False,False,True,15515,76561197991272318,ropz
False,False,False,True,15516,76561197991272318,ropz
False,False,False,True,15517,76561197991272318,ropz
False,False,False,True,15518,76561197991272318,ropz
False,False,True,True,15519,76561197991272318,ropz
False,False,True,True,15520,76561197991272318,ropz
False,False,True,False,15521,76561197991272318,ropz
False,False,True,False,15522,76561197991272318,ropz
False,True,True,False,15523,76561197991272318,ropz
False,True,True,False,15524,76561197991272318,ropz
False,True,True,False,15525,76561197991272318,ropz
False,True,True,False,15526,76561197991272318,ropz
False,True,True,False,15527,76561197991272318,ropz
False,True,True,False,15528,76561197991272318,ropz
False,False,True,False,15529,76561197991272318,ropz
False,False,True,False,15530,76561197991272318,ropz
False,False,True,False,15531,76561197991272318,ropz
False,False,True,False,15532,76561197991272318,ropz
False,True,True,False,15533,76561197991272318,ropz
False,True,True,False,15534,76561197991272318,ropz
False,True,True,False,15535,76561197991272318,ropz
False,True,True,False,15536,76561197991272318,ropz
False,True,True,False,15537,76561197991272318,ropz
False,True,True,False,15538,76561197991272318,ropz
False,True,True,False,15539,76561197991272318,ropz
False,True,True,False,15540,76561197991272318,ropz
False,True,True,False,15541,76561197991272318,ropz
False,True,True,False,15542,76561197991272318,ropz
False,True,True,False,15543,76561197991272318,ropz
False,True,True,False,15544,76561197991272318,ropz
False,True,True,False,15545,76561197991272318,ropz
False,True,True,False,15546,76561197991272318,ropz
False,True,True,False,15547,76561197991272318,ropz
False,True,True,False,15548,76561197991272318,ropz
False,True,True,False,15549,76561197991272318,ropz
False,True,True,False,15550,76561197991272318,ropz
False,True,True,False,15551,76561197991272318,ropz
False,True,True,False,15552,76561197991272318,ropz
False,True,True,False,15553,76561197991272318,ropz
False,True,True,False,15554,76561197991272318,ropz
False,True,True,False,15555,76561197991272318,ropz
False,True,True,False,15556,76561197991272318,ropz
False,True,True,False,15557,76561197991272318,ropz
False,True,True,False,15558,76561197991272318,ropz
False,True,True,False,15559,76561197991272318,ropz
False,True,True,False,15560,76561197991272318,ropz
False,True,True,False,15561,76561197991272318,ropz
False,True,True,False,15562,76561197991272318,ropz
False,True,True,False,15563,76561197991272318,ropz
False,True,True,False,15564,76561197991272318,ropz
False,True,False,False,15565,76561197991272318,ropz
False,True,False,False,15566,76561197991272318,ropz
False,True,False,False,15567,76561197991272318,ropz
False,True,False,False,15568,76561197991272318,ropz
False,True,False,False,15569,76561197991272318,ropz
False,True,False,False,15570,76561197991272318,ropz
False,True,False,False,15571,76561197991272318,ropz
False,True,False,False,15572,76561197991272318,ropz
False,True,False,False,15573,76561197991272318,ropz
False,True,False,False,15574,76561197991272318,ropz
False,True,False,False,15575,76561197991272318,ropz
False,True,False,False,15576,76561197991272318,ropz
False,True,False,False,15577,76561197991272318,ropz
False,True,False,False,15578,76561197991272318,ropz
False,True,False,False,15579,76561197991272318,ropz
False,True,False,False,15580,76561197991272318,ropz
False,True,False,False,15581,76561197991272318,ropz
False,True,False,False,15582,76561197991272318,ropz
False,True,False,False,15583,76561197991272318,ropz
False,True,False,False,15584,76561197991272318,ropz
False,True,False,True,15585,76561197991272318,ropz
False,True,False,True,15586,76561197991272318,ropz
False,True,False,True,15587,76561197991272318,ropz
False,False,False,True,15588,76561197991272318,ropz
False,False,False,True,15589,76561197991272318,ropz
False,False,False,True,15590,76561197991272318,ropz
False,False,False,True,15591,76561197991272318,ropz
False,False,False,True,15592,76561197991272318,ropz
False,False,False,False,15593,76561197991272318,ropz
False,False,False,False,15594,76561197991272318,ropz
False,False,False,False,15595,76561197991272318,ropz
False,False,False,False,15596,76561197991272318,ropz
False,False,False,False,15597,76561197991272318,ropz
False,False,False,False,15598,76561197991272318,ropz
False,False,False,False,15599,76561197991272318,ropz
False,False,False,False,15600,76561197991272318,ropz
False,False,False,False,15601,76561197991272318,ropz
False,False,False,False,15602,76561197991272318,ropz
False,False,False,False,15603,76561197991272318,ropz
False,False,False,False,15604,76561197991272318,ropz
False,False,False,False,15605,76561197991272318,ropz
False,False,False,False,15606,76561197991272318,ropz
False,False,False,True,15607,76561197991272318,ropz
False,False,False,True,15608,76561197991272318,ropz
False,False,False,True,15609,76561197991272318,ropz
False,False,False,True,15610,76561197991272318,ropz
False,False,False,True,15611,76561197991272318,ropz
False,False,False,True,15612,76561197991272318,ropz
False,False,False,True,15613,76561197991272318,ropz
False,False,False,True,15614,76561197991272318,ropz
False,False,False,True,15615,76561197991272318,ropz
False,False,False,True,15616,76561197991272318,ropz
False,False,False,True,15617,76561197991272318,ropz
False,False,False,True,15618,76561197991272318,ropz
False,False,False,True,15619,76561197991272318,ropz
False,False,False,True,15620,76561197991272318,ropz
False,False,False,True,15621,76561197991272318,ropz
False,False,False,True,15622,76561197991272318,ropz
False,False,False,True,15623,76561197991272318,ropz
False,False,False,True,15624,76561197991272318,ropz
False,False,False,True,15625,76561197991272318,ropz
False,False,False,True,15626,76561197991272318,ropz
False,False,False,True,15627,76561197991272318,ropz
False,False,False,True,15628,76561197991272318,ropz
True,False,False,True,15629,76561197991272318,ropz
True,False,False,True,15630,76561197991272318,ropz
False,False,False,True,15631,76561197991272318,ropz
False,False,False,True,15632,76561197991272318,ropz
False,False,False,True,15633,76561197991272318,ropz
False,False,False,True,15634,76561197991272318,ropz
False,False,False,True,15635,76561197991272318,ropz
False,False,False,True,15636,76561197991272318,ropz
False,False,False,True,15637,76561197991272318,ropz
False,False,False,True,15638,76561197991272318,ropz
False,False,True,True,15639,76561197991272318,ropz
False,False,True,True,15640,76561197991272318,ropz
False,False,True,True,15641,76561197991272318,ropz
False,False,True,True,15642,76561197991272318,ropz
False,False,True,True,15643,76561197991272318,ropz
False,False,True,True,15644,76561197991272318,ropz
False,False,True,True,15645,76561197991272318,ropz
False,False,True,True,15646,76561197991272318,ropz
False,False,True,True,15647,76561197991272318,ropz
False,False,True,True,15648,76561197991272318,ropz
False,False,True,True,15649,76561197991272318,ropz
False,False,True,True,15650,76561197991272318,ropz
False,False,True,True,15651,76561197991272318,ropz
False,False,True,True,15652,76561197991272318,ropz
False,False,True,True,15653,76561197991272318,ropz
False,False,True,True,15654,76561197991272318,ropz
False,False,True,True,15655,76561197991272318,ropz
False,False,True,True,15656,76561197991272318,ropz
False,False,True,True,15657,76561197991272318,ropz
False,False,True,True,15658,76561197991272318,ropz
False,False,True,True,15659,76561197991272318,ropz
False,False,True,False,15660,76561197991272318,ropz
False,False,True,False,15661,76561197991272318,ropz
False,False,True,False,15662,76561197991272318,ropz
False,False,True,False,15663,76561197991272318,ropz
False,False,True,False,15664,76561197991272318,ropz
False,False,True,False,15665,76561197991272318,ropz
False,False,True,False,15666,76561197991272318,ropz
False,False,True,False,15667,76561197991272318,ropz
False,False,True,False,15668,76561197991272318,ropz
False,False,True,False,15669,76561197991272318,ropz
False,False,True,True,15670,76561197991272318,ropz
False,False,True,True,15671,76561197991272318,ropz
False,False,True,True,15672,76561197991272318,ropz
False,False,False,True,15673,76561197991272318,ropz
False,False,False,True,15674,76561197991272318,ropz
False,False,False,True,15675,76561197991272318,ropz
False,False,False,True,15676,76561197991272318,ropz
False,False,False,True,15677,76561197991272318,ropz
False,False,False,True,15678,76561197991272318,ropz
True,False,False,True,15679,76561197991272318,ropz
True,False,False,True,15680,76561197991272318,ropz
True,False,False,True,15681,76561197991272318,ropz
True,False,False,True,15682,76561197991272318,ropz
True,False,False,True,15683,76561197991272318,ropz
True,False,False,True,15684,76561197991272318,ropz
True,False,False,True,15685,76561197991272318,ropz
True,False,False,True,15686,76561197991272318,ropz
True,False,False,True,15687,76561197991272318,ropz
True,False,False,True,15688,76561197991272318,ropz
True,False,False,True,15689,76561197991272318,ropz
True,False,False,True,15690,76561197991272318,ropz
True,False,False,True,15691,76561197991272318,ropz
True,False,False,True,15692,76561197991272318,ropz
True,False,False,True,15693,76561197991272318,ropz
True,False,False,True,15694,76561197991272318,ropz
True,False,False,True,15695,76561197991272318,ropz
True,False,False,True,15696,76561197991272318,ropz
True,False,False,True,15697,76561197991272318,ropz
True,False,False,True,15698,76561197991272318,ropz
True,False,False,True,15699,76561197991272318,ropz
True,False,False,True,15700,76561197991272318,ropz
True,False,False,True,15701,76561197991272318,ropz
True,False,False,True,15702,76561197991272318,ropz
True,False,False,False,15703,76561197991272318,ropz
True,False,False,False,15704,76561197991272318,ropz
True,False,False,False,15705,76561197991272318,ropz
True,False,False,False,15706,76561197991272318,ropz
True,False,False,False,15707,76561197991272318,ropz
True,False,False,False,15708,76561197991272318,ropz
True,False,False,False,15709,76561197991272318,ropz
True,False,False,False,15710,76561197991272318,ropz
True,False,False,False,15711,76561197991272318,ropz
True,False,False,False,15712,76561197991272318,ropz
True,False,False,False,15713,76561197991272318,ropz
True,False,False,False,15714,76561197991272318,ropz
True,False,False,False,15715,76561197991272318,ropz
True,False,False,False,15716,76561197991272318,ropz
True,False,False,True,15717,76561197991272318,ropz
True,False,False,True,15718,76561197991272318,ropz
True,False,False,True,15719,76561197991272318,ropz
True,False,False,True,15720,76561197991272318,ropz
True,False,False,True,15721,76561197991272318,ropz
True,False,False,True,15722,76561197991272318,ropz
False,False,False,True,15723,76561197991272318,ropz
False,False,False,True,15724,76561197991272318,ropz
False,False,False,True,15725,76561197991272318,ropz
False,False,False,True,15726,76561197991272318,ropz
False,False,False,True,15727,76561197991272318,ropz
False,False,False,True,15728,76561197991272318,ropz
False,False,False,True,15729,76561197991272318,ropz
False,False,True,True,15730,76561197991272318,ropz
False,False,True,True,15731,76561197991272318,ropz
False,False,True,True,15732,76561197991272318,ropz
False,False,True,True,15733,76561197991272318,ropz
False,False,True,True,15734,76561197991272318,ropz
False,False,True,True,15735,76561197991272318,ropz
False,False,True,True,15736,76561197991272318,ropz
False,False,True,True,15737,76561197991272318,ropz
False,False,True,False,15738,76561197991272318,ropz
False,False,True,False,15739,76561197991272318,ropz
False,False,True,True,15740,76561197991272318,ropz
False,False,True,True,15741,76561197991272318,ropz
False,False,True,True,15742,76561197991272318,ropz
False,False,True,True,15743,76561197991272318,ropz
False,False,True,True,15744,76561197991272318,ropz
False,False,True,True,15745,76561197991272318,ropz
False,False,True,True,15746,76561197991272318,ropz
False,False,True,True,15747,76561197991272318,ropz
False,False,True,True,15748,76561197991272318,ropz
False,False,True,True,15749,76561197991272318,ropz
False,False,False,True,15750,76561197991272318,ropz
False,False,False,True,15751,76561197991272318,ropz
False,False,False,True,15752,76561197991272318,ropz
False,False,False,True,15753,76561197991272318,ropz
True,False,False,True,15754,76561197991272318,ropz
True,False,False,True,15755,76561197991272318,ropz
True,False,False,False,15756,76561197991272318,ropz
True,False,False,False,15757,76561197991272318,ropz
True,False,False,False,15758,76561197991272318,ropz
True,False,False,False,15759,76561197991272318,ropz
True,False,False,False,15760,76561197991272318,ropz
True,False,False,False,15761,76561197991272318,ropz
True,False,False,False,15762,76561197991272318,ropz
True,False,False,False,15763,76561197991272318,ropz
True,False,False,False,15764,76561197991272318,ropz
True,False,False,False,15765,76561197991272318,ropz
True,False,False,False,15766,76561197991272318,ropz
True,False,False,False,15767,76561197991272318,ropz
True,False,False,False,15768,76561197991272318,ropz
True,False,False,False,15769,76561197991272318,ropz
True,False,False,False,15770,76561197991272318,ropz
True,False,False,False,15771,76561197991272318,ropz
True,False,False,False,15772,76561197991272318,ropz
True,False,False,False,15773,76561197991272318,ropz
True,False,False,False,15774,76561197991272318,ropz
True,False,False,False,15775,76561197991272318,ropz
True,False,False,False,15776,76561197991272318,ropz
True,False,False,False,15777,76561197991272318,ropz
True,False,False,False,15778,76561197991272318,ropz
True,False,False,False,15779,76561197991272318,ropz
True,False,False,False,15780,76561197991272318,ropz
True,False,False,False,15781,76561197991272318,ropz
True,False,False,False,15782,76561197991272318,ropz
True,False,False,False,15783,76561197991272318,ropz
True,False,False,False,15784,76561197991272318,ropz
True,False,False,False,15785,76561197991272318,ropz
True,False,False,False,15786,76561197991272318,ropz
True,False,False,False,15787,76561197991272318,ropz
True,False,False,False,15788,76561197991272318,ropz
True,False,False,False,15789,76561197991272318,ropz
True,False,False,False,15790,76561197991272318,ropz
True,False,False,False,15791,76561197991272318,ropz
True,False,False,False,15792,76561197991272318,ropz
True,False,False,False,15793,76561197991272318,ropz
True,False,False,False,15794,76561197991272318,ropz
True,False,False,False,15795,76561197991272318,ropz
True,False,False,False,15796,76561197991272318,ropz
True,False,False,False,15797,76561197991272318,ropz
True,False,False,False,15798,76561197991272318,ropz
True,False,False,False,15799,76561197991272318,ropz
True,False,False,False,15800,76561197991272318,ropz
True,False,False,False,15801,76561197991272318,ropz
True,False,False,False,15802,76561197991272318,ropz
True,False,False,False,15803,76561197991272318,ropz
True,False,False,False,15804,76561197991272318,ropz
True,False,False,False,15805,76561197991272318,ropz
True,False,False,False,15806,76561197991272318,ropz
True,False,False,False,15807,76561197991272318,ropz
True,False,False,False,15808,76561197991272318,ropz
True,False,False,False,15809,76561197991272318,ropz
True,False,False,False,15810,76561197991272318,ropz
True,False,False,False,15811,76561197991272318,ropz
True,False,False,False,15812,76561197991272318,ropz
True,False,False,False,15813,76561197991272318,ropz
True,False,False,False,15814,76561197991272318,ropz
True,False,False,False,15815,76561197991272318,ropz
True,False,False,False,15816,76561197991272318,ropz
True,False,False,False,15817,76561197991272318,ropz
True,False,False,False,15818,76561197991272318,ropz
True,False,False,False,15819,76561197991272318,ropz
True,False,False,False,15820,76561197991272318,ropz
True,False,False,False,15821,76561197991272318,ropz
True,False,False,False,15822,76561197991272318,ropz
True,False,False,False,15823,76561197991272318,ropz
True,False,False,False,15824,76561197991272318,ropz
True,False,False,False,15825,76561197991272318,ropz
True,False,False,False,15826,76561197991272318,ropz
True,False,False,False,15827,76561197991272318,ropz
True,False,False,False,15828,76561197991272318,ropz
True,False,False,False,15829,76561197991272318,ropz
True,False,False,False,15830,76561197991272318,ropz
True,False,False,False,15831,76561197991272318,ropz
True,False,False,False,15832,76561197991272318,ropz
True,False,False,False,15833,76561197991272318,ropz
True,False,False,False,15834,76561197991272318,ropz
True,False,False,False,15835,76561197991272318,ropz
True,False,False,False,15836,76561197991272318,ropz
True,True,False,False,15837,76561197991272318,ropz
True,True,False,False,15838,76561197991272318,ropz
True,True,False,False,15839,76561197991272318,ropz
True,True,False,False,15840,76561197991272318,ropz
True,True,False,False,15841,76561197991272318,ropz
True,True,False,False,15842,76561197991272318,ropz
True,True,False,True,15843,76561197991272318,ropz
True,True,False,True,15844,76561197991272318,ropz
True,True,False,True,15845,76561197991272318,ropz
True,True,False,True,15846,76561197991272318,ropz
True,True,False,True,15847,76561197991272318,ropz
True,True,False,True,15848,76561197991272318,ropz
True,False,False,True,15849,76561197991272318,ropz
True,False,False,False,15850,76561197991272318,ropz
True,False,False,False,15851,76561197991272318,ropz
True,False,False,False,15852,76561197991272318,ropz
True,False,False,False,15853,76561197991272318,ropz
True,False,False,False,15854,76561197991272318,ropz
True,False,False,False,15855,76561197991272318,ropz
True,False,False,False,15856,76561197991272318,ropz
True,False,False,False,15857,76561197991272318,ropz
True,False,False,False,15858,76561197991272318,ropz
True,False,False,False,15859,76561197991272318,ropz
True,False,False,False,15860,76561197991272318,ropz
True,False,False,False,15861,76561197991272318,ropz
True,False,False,False,15862,76561197991272318,ropz
True,False,False,False,15863,76561197991272318,ropz
True,False,False,False,15864,76561197991272318,ropz
True,False,False,False,15865,76561197991272318,ropz
True,False,False,False,15866,76561197991272318,ropz
True,False,False,False,15867,76561197991272318,ropz
True,False,False,False,15868,76561197991272318,ropz
True,False,False,False,15869,76561197991272318,ropz
True,False,False,False,15870,76561197991272318,ropz
True,False,False,False,15871,76561197991272318,ropz
True,False,False,False,15872,76561197991272318,ropz
True,False,False,False,15873,76561197991272318,ropz
True,False,False,False,15874,76561197991272318,ropz
True,False,False,False,15875,76561197991272318,ropz
True,False,False,False,15876,76561197991272318,ropz
True,False,False,False,15877,76561197991272318,ropz
True,False,False,False,15878,76561197991272318,ropz
True,False,False,False,15879,76561197991272318,ropz
True,False,False,False,15880,76561197991272318,ropz
True,False,False,False,15881,76561197991272318,ropz
True,False,False,False,15882,76561197991272318,ropz
True,False,False,False,15883,76561197991272318,ropz
True,False,False,False,15884,76561197991272318,ropz
True,False,False,False,15885,76561197991272318,ropz
True,False,False,False,15886,76561197991272318,ropz
True,False,False,False,15887,76561197991272318,ropz
True,False,False,False,15888,76561197991272318,ropz
True,False,False,False,15889,76561197991272318,ropz
True,False,False,False,15890,76561197991272318,ropz
True,False,False,False,15891,76561197991272318,ropz
True,False,False,False,15892,76561197991272318,ropz
True,False,False,False,15893,76561197991272318,ropz
True,False,False,False,15894,76561197991272318,ropz
True,False,False,False,15895,76561197991272318,ropz
True,False,False,False,15896,76561197991272318,ropz
True,False,False,False,15897,76561197991272318,ropz
True,False,False,False,15898,76561197991272318,ropz
True,False,False,False,15899,76561197991272318,ropz
True,False,False,False,15900,76561197991272318,ropz
True,False,False,False,15901,76561197991272318,ropz
True,False,False,False,15902,76561197991272318,ropz
True,False,False,False,15903,76561197991272318,ropz
True,False,False,False,15904,76561197991272318,ropz
True,True,False,False,15905,76561197991272318,ropz
True,True,False,False,15906,76561197991272318,ropz
True,True,False,False,15907,76561197991272318,ropz
True,True,False,False,15908,76561197991272318,ropz
True,False,False,False,15909,76561197991272318,ropz
True,False,False,False,15910,76561197991272318,ropz
True,False,False,False,15911,76561197991272318,ropz
True,False,False,False,15912,76561197991272318,ropz
True,False,False,False,15913,76561197991272318,ropz
True,False,False,False,15914,76561197991272318,ropz
True,False,False,False,15915,76561197991272318,ropz
True,False,False,False,15916,76561197991272318,ropz
True,False,False,False,15917,76561197991272318,ropz
True,False,False,False,15918,76561197991272318,ropz
True,False,False,False,15919,76561197991272318,ropz
True,True,False,False,15920,76561197991272318,ropz
True,True,False,False,15921,76561197991272318,ropz
True,True,False,True,15922,76561197991272318,ropz
True,True,False,True,15923,76561197991272318,ropz
True,True,False,True,15924,76561197991272318,ropz
True,True,False,True,15925,76561197991272318,ropz
True,True,False,True,15926,76561197991272318,ropz
True,True,False,True,15927,76561197991272318,ropz
True,True,False,True,15928,76561197991272318,ropz
True,True,False,True,15929,76561197991272318,ropz
True,True,False,True,15930,76561197991272318,ropz
True,True,False,True,15931,76561197991272318,ropz
True,True,False,False,15932,76561197991272318,ropz
True,True,False,False,15933,76561197991272318,ropz
True,True,False,False,15934,76561197991272318,ropz
True,True,False,False,15935,76561197991272318,ropz
True,False,False,False,15936,76561197991272318,ropz
True,False,False,False,15937,76561197991272318,ropz
True,False,False,False,15938,76561197991272318,ropz
True,False,False,False,15939,76561197991272318,ropz
True,False,False,False,15940,76561197991272318,ropz
True,False,False,False,15941,76561197991272318,ropz
True,False,False,False,15942,76561197991272318,ropz
True,False,False,False,15943,76561197991272318,ropz
True,False,False,False,15944,76561197991272318,ropz
True,False,False,False,15945,76561197991272318,ropz
True,False,False,False,15946,76561197991272318,ropz
True,False,False,False,15947,76561197991272318,ropz
True,False,False,False,15948,76561197991272318,ropz
True,False,False,False,15949,76561197991272318,ropz
True,False,False,False,15950,76561197991272318,ropz
True,True,False,False,15951,76561197991272318,ropz
True,True,False,False,15952,76561197991272318,ropz
True,True,False,False,15953,76561197991272318,ropz
True,True,False,False,15954,76561197991272318,ropz
True,True,False,False,15955,76561197991272318,ropz
True,True,False,False,15956,76561197991272318,ropz
True,True,False,False,15957,76561197991272318,ropz
True,True,False,False,15958,76561197991272318,ropz
True,False,False,False,15959,76561197991272318,ropz
True,False,False,False,15960,76561197991272318,ropz
True,False,False,False,15961,76561197991272318,ropz
True,False,False,False,15962,76561197991272318,ropz
True,False,False,False,15963,76561197991272318,ropz
True,False,False,False,15964,76561197991272318,ropz
True,False,False,False,15965,76561197991272318,ropz
True,False,False,False,15966,76561197991272318,ropz
True,False,False,False,15967,76561197991272318,ropz
True,False,False,False,15968,76561197991272318,ropz
True,False,False,False,15969,76561197991272318,ropz
True,False,False,False,15970,76561197991272318,ropz
True,False,False,False,15971,76561197991272318,ropz
True,False,False,False,15972,76561197991272318,ropz
True,False,False,False,15973,76561197991272318,ropz
True,False,False,False,15974,76561197991272318,ropz
True,False,False,False,15975,76561197991272318,ropz
True,False,False,False,15976,76561197991272318,ropz
True,False,False,False,15977,76561197991272318,ropz
True,False,False,False,15978,76561197991272318,ropz
True,False,False,False,15979,76561197991272318,ropz
True,False,False,False,15980,76561197991272318,ropz
True,False,False,False,15981,76561197991272318,ropz
True,False,False,False,15982,76561197991272318,ropz
True,False,False,False,15983,76561197991272318,ropz
True,False,False,False,15984,76561197991272318,ropz
True,False,False,False,15985,76561197991272318,ropz
True,False,False,False,15986,76561197991272318,ropz
True,False,False,False,15987,76561197991272318,ropz
True,False,False,False,15988,76561197991272318,ropz
True,False,False,False,15989,76561197991272318,ropz
True,False,False,False,15990,76561197991272318,ropz
True,False,False,False,15991,76561197991272318,ropz
True,False,False,False,15992,76561197991272318,ropz
True,False,False,False,15993,76561197991272318,ropz
True,False,False,False,15994,76561197991272318,ropz
True,False,False,False,15995,76561197991272318,ropz
True,False,False,False,15996,76561197991272318,ropz
True,False,False,False,15997,76561197991272318,ropz
True,True,False,False,15998,76561197991272318,ropz
True,True,False,False,15999,76561197991272318,ropz
True,True,False,False,16000,76561197991272318,ropz
True,True,False,False,16001,76561197991272318,ropz
True,True,False,False,16002,76561197991272318,ropz
True,True,False,False,16003,76561197991272318,ropz
True,True,False,False,16004,76561197991272318,ropz
True,True,False,True,16005,76561197991272318,ropz
True,True,False,True,16006,76561197991272318,ropz
True,True,False,True,16007,76561197991272318,ropz
True,False,False,True,16008,76561197991272318,ropz
True,False,False,True,16009,76561197991272318,ropz
True,False,False,False,16010,76561197991272318,ropz
True,False,False,False,16011,76561197991272318,ropz
True,False,False,False,16012,76561197991272318,ropz
True,False,False,False,16013,76561197991272318,ropz
True,False,False,False,16014,76561197991272318,ropz
True,False,False,False,16015,76561197991272318,ropz
True,False,False,False,16016,76561197991272318,ropz
True,False,False,False,16017,76561197991272318,ropz
True,False,False,False,16018,76561197991272318,ropz
True,False,False,False,16019,76561197991272318,ropz
True,False,False,False,16020,76561197991272318,ropz
True,False,False,False,16021,76561197991272318,ropz
True,False,False,False,16022,76561197991272318,ropz
True,False,False,False,16023,76561197991272318,ropz
True,False,False,False,16024,76561197991272318,ropz
True,False,False,False,16025,76561197991272318,ropz
True,True,False,False,16026,76561197991272318,ropz
True,True,False,False,16027,76561197991272318,ropz
True,True,False,False,16028,76561197991272318,ropz
True,True,False,False,16029,76561197991272318,ropz
True,True,False,False,16030,76561197991272318,ropz
True,True,False,True,16031,76561197991272318,ropz
True,True,False,True,16032,76561197991272318,ropz
True,True,False,True,16033,76561197991272318,ropz
True,True,False,True,16034,76561197991272318,ropz
True,True,False,True,16035,76561197991272318,ropz
True,True,False,True,16036,76561197991272318,ropz
True,True,False,True,16037,76561197991272318,ropz
True,True,False,True,16038,76561197991272318,ropz
True,True,False,True,16039,76561197991272318,ropz
True,True,False,False,16040,76561197991272318,ropz
True,True,False,False,16041,76561197991272318,ropz
True,True,False,False,16042,76561197991272318,ropz
True,True,False,False,16043,76561197991272318,ropz
True,True,False,False,16044,76561197991272318,ropz
True,True,False,False,16045,76561197991272318,ropz
True,True,False,False,16046,76561197991272318,ropz
True,False,False,False,16047,76561197991272318,ropz
True,False,False,False,16048,76561197991272318,ropz
True,False,False,False,16049,76561197991272318,ropz
True,False,False,False,16050,76561197991272318,ropz
True,False,False,False,16051,76561197991272318,ropz
True,False,False,False,16052,76561197991272318,ropz
True,False,False,False,16053,76561197991272318,ropz
True,False,False,False,16054,76561197991272318,ropz
True,False,False,False,16055,76561197991272318,ropz
True,False,False,False,16056,76561197991272318,ropz
True,False,False,False,16057,76561197991272318,ropz
True,False,False,False,16058,76561197991272318,ropz
True,True,False,False,16059,76561197991272318,ropz
True,True,False,False,16060,76561197991272318,ropz
True,True,False,False,16061,76561197991272318,ropz
True,True,False,False,16062,76561197991272318,ropz
True,True,False,False,16063,76561197991272318,ropz
True,True,False,False,16064,76561197991272318,ropz
True,True,False,False,16065,76561197991272318,ropz
True,False,False,False,16066,76561197991272318,ropz
True,False,False,False,16067,76561197991272318,ropz
True,False,False,False,16068,76561197991272318,ropz
True,False,False,False,16069,76561197991272318,ropz
True,False,False,False,16070,76561197991272318,ropz
True,False,False,False,16071,76561197991272318,ropz
True,False,False,False,16072,76561197991272318,ropz
True,False,False,False,16073,76561197991272318,ropz
True,False,False,False,16074,76561197991272318,ropz
True,False,False,False,16075,76561197991272318,ropz
True,False,False,False,16076,76561197991272318,ropz
True,False,False,False,16077,76561197991272318,ropz
True,False,False,True,16078,76561197991272318,ropz
True,False,False,True,16079,76561197991272318,ropz
True,False,False,True,16080,76561197991272318,ropz
True,False,False,True,16081,76561197991272318,ropz
True,False,False,True,16082,76561197991272318,ropz
True,False,False,True,16083,76561197991272318,ropz
True,True,False,False,16084,76561197991272318,ropz
True,True,False,False,16085,76561197991272318,ropz
True,True,False,False,16086,76561197991272318,ropz
True,True,False,False,16087,76561197991272318,ropz
True,True,False,False,16088,76561197991272318,ropz
True,False,False,False,16089,76561197991272318,ropz
True,False,False,True,16090,76561197991272318,ropz
True,False,False,True,16091,76561197991272318,ropz
True,False,False,True,16092,76561197991272318,ropz
True,False,False,True,16093,76561197991272318,ropz
True,False,False,True,16094,76561197991272318,ropz
True,False,False,True,16095,76561197991272318,ropz
True,True,False,True,16096,76561197991272318,ropz
True,True,False,True,16097,76561197991272318,ropz
True,True,False,True,16098,76561197991272318,ropz
True,True,False,True,16099,76561197991272318,ropz
True,True,False,True,16100,76561197991272318,ropz
True,False,False,True,16101,76561197991272318,ropz
True,False,False,True,16102,76561197991272318,ropz
True,False,False,True,16103,76561197991272318,ropz
True,False,False,True,16104,76561197991272318,ropz
True,True,False,True,16105,76561197991272318,ropz
True,True,False,True,16106,76561197991272318,ropz
True,True,False,True,16107,76561197991272318,ropz
True,True,False,True,16108,76561197991272318,ropz
True,True,False,True,16109,76561197991272318,ropz
True,True,False,True,16110,76561197991272318,ropz
True,True,False,True,16111,76561197991272318,ropz
True,True,False,True,16112,76561197991272318,ropz
True,True,False,True,16113,76561197991272318,ropz
True,False,False,True,16114,76561197991272318,ropz
True,False,False,True,16115,76561197991272318,ropz
True,False,False,True,16116,76561197991272318,ropz
True,False,False,True,16117,76561197991272318,ropz
True,False,False,True,16118,76561197991272318,ropz
True,False,False,True,16119,76561197991272318,ropz
True,False,False,False,16120,76561197991272318,ropz
True,False,False,False,16121,76561197991272318,ropz
True,False,False,False,16122,76561197991272318,ropz
True,False,False,False,16123,76561197991272318,ropz
True,False,False,False,16124,76561197991272318,ropz
True,False,False,False,16125,76561197991272318,ropz
True,False,False,True,16126,76561197991272318,ropz
True,False,False,True,16127,76561197991272318,ropz
True,False,False,True,16128,76561197991272318,ropz
True,False,False,True,16129,76561197991272318,ropz
True,False,False,True,16130,76561197991272318,ropz
True,False,False,True,16131,76561197991272318,ropz
True,False,False,True,16132,76561197991272318,ropz
True,False,False,True,16133,76561197991272318,ropz
True,False,False,True,16134,76561197991272318,ropz
True,False,False,True,16135,76561197991272318,ropz
True,False,False,True,16136,76561197991272318,ropz
True,False,False,True,16137,76561197991272318,ropz
True,False,False,True,16138,76561197991272318,ropz
True,False,False,True,16139,76561197991272318,ropz
True,False,False,True,16140,76561197991272318,ropz
True,False,False,True,16141,76561197991272318,ropz
True,False,False,True,16142,76561197991272318,ropz
True,False,False,True,16143,76561197991272318,ropz
True,False,False,True,16144,76561197991272318,ropz
True,False,False,True,16145,76561197991272318,ropz
True,False,False,True,16146,76561197991272318,ropz
True,True,False,True,16147,76561197991272318,ropz
True,True,False,True,16148,76561197991272318,ropz
True,True,False,True,16149,76561197991272318,ropz
True,True,False,True,16150,76561197991272318,ropz
True,True,False,True,16151,76561197991272318,ropz
True,False,False,True,16152,76561197991272318,ropz
True,False,False,True,16153,76561197991272318,ropz
True,False,False,True,16154,76561197991272318,ropz
True,False,False,True,16155,76561197991272318,ropz
True,False,False,True,16156,76561197991272318,ropz
True,False,False,True,16157,76561197991272318,ropz
True,False,False,True,16158,76561197991272318,ropz
True,True,False,True,16159,76561197991272318,ropz
True,True,False,True,16160,76561197991272318,ropz
True,True,False,True,16161,76561197991272318,ropz
True,True,False,True,16162,76561197991272318,ropz
True,False,False,True,16163,76561197991272318,ropz
True,False,False,True,16164,76561197991272318,ropz
True,False,False,True,16165,76561197991272318,ropz
True,False,False,True,16166,76561197991272318,ropz
True,False,False,True,16167,76561197991272318,ropz
True,False,False,True,16168,76561197991272318,ropz
True,False,False,True,16169,76561197991272318,ropz
True,True,False,True,16170,76561197991272318,ropz
True,True,False,True,16171,76561197991272318,ropz
True,True,False,True,16172,76561197991272318,ropz
True,True,False,True,16173,76561197991272318,ropz
True,True,False,True,16174,76561197991272318,ropz
True,True,False,True,16175,76561197991272318,ropz
True,True,False,False,16176,76561197991272318,ropz
False,True,False,False,16177,76561197991272318,ropz
False,True,False,False,16178,76561197991272318,ropz
False,True,False,False,16179,76561197991272318,ropz
False,False,False,False,16180,76561197991272318,ropz
False,False,False,False,16181,76561197991272318,ropz
False,False,False,False,16182,76561197991272318,ropz
False,False,False,False,16183,76561197991272318,ropz
False,False,False,False,16184,76561197991272318,ropz
False,False,False,True,16185,76561197991272318,ropz
False,False,False,True,16186,76561197991272318,ropz
False,False,False,True,16187,76561197991272318,ropz
False,False,False,True,16188,76561197991272318,ropz
False,True,False,True,16189,76561197991272318,ropz
False,True,False,True,16190,76561197991272318,ropz
False,True,False,False,16191,76561197991272318,ropz
False,True,False,False,16192,76561197991272318,ropz
False,True,False,False,16193,76561197991272318,ropz
False,False,False,False,16194,76561197991272318,ropz
False,False,False,True,16195,76561197991272318,ropz
False,False,False,True,16196,76561197991272318,ropz
False,False,False,True,16197,76561197991272318,ropz
False,False,False,True,16198,76561197991272318,ropz
False,True,False,True,16199,76561197991272318,ropz
False,True,False,False,16200,76561197991272318,ropz
False,True,False,False,16201,76561197991272318,ropz
False,True,False,False,16202,76561197991272318,ropz
False,False,False,False,16203,76561197991272318,ropz
False,False,False,True,16204,76561197991272318,ropz
False,False,False,True,16205,76561197991272318,ropz
False,False,False,True,16206,76561197991272318,ropz
False,False,False,True,16207,76561197991272318,ropz
False,False,False,True,16208,76561197991272318,ropz
False,False,False,True,16209,76561197991272318,ropz
False,False,False,True,16210,76561197991272318,ropz
False,False,False,True,16211,76561197991272318,ropz
False,False,False,True,16212,76561197991272318,ropz
False,False,False,True,16213,76561197991272318,ropz
False,False,False,True,16214,76561197991272318,ropz
False,False,False,True,16215,76561197991272318,ropz
False,False,False,True,16216,76561197991272318,ropz
False,False,False,True,16217,76561197991272318,ropz
False,False,True,True,16218,76561197991272318,ropz
False,False,True,True,16219,76561197991272318,ropz
False,False,True,True,16220,76561197991272318,ropz
False,False,True,True,16221,76561197991272318,ropz
False,False,True,True,16222,76561197991272318,ropz
False,False,True,False,16223,76561197991272318,ropz
False,False,True,False,16224,76561197991272318,ropz
False,False,True,False,16225,76561197991272318,ropz
False,False,True,False,16226,76561197991272318,ropz
False,False,True,False,16227,76561197991272318,ropz
False,False,True,False,16228,76561197991272318,ropz
False,False,True,False,16229,76561197991272318,ropz
False,False,True,False,16230,76561197991272318,ropz
False,False,True,False,16231,76561197991272318,ropz
False,False,True,False,16232,76561197991272318,ropz
False,False,True,False,16233,76561197991272318,ropz
False,False,True,False,16234,76561197991272318,ropz
False,False,True,False,16235,76561197991272318,ropz
False,False,True,False,16236,76561197991272318,ropz
False,False,True,False,16237,76561197991272318,ropz
False,False,True,False,16238,76561197991272318,ropz
False,False,True,False,16239,76561197991272318,ropz
False,False,True,False,16240,76561197991272318,ropz
False,False,True,False,16241,76561197991272318,ropz
False,False,True,False,16242,76561197991272318,ropz
False,False,True,False,16243,76561197991272318,ropz
False,False,True,False,16244,76561197991272318,ropz
False,False,True,False,16245,76561197991272318,ropz
False,False,True,False,16246,76561197991272318,ropz
False,False,True,False,16247,76561197991272318,ropz
False,False,True,False,16248,76561197991272318,ropz
False,False,True,False,16249,76561197991272318,ropz
False,False,True,False,16250,76561197991272318,ropz
False,False,True,False,16251,76561197991272318,ropz
False,False,True,False,16252,76561197991272318,ropz
False,False,True,False,16253,76561197991272318,ropz
False,False,True,False,16254,76561197991272318,ropz
False,False,True,False,16255,76561197991272318,ropz
False,False,True,False,16256,76561197991272318,ropz
False,False,True,False,16257,76561197991272318,ropz
False,False,True,False,16258,76561197991272318,ropz
False,False,True,False,16259,76561197991272318,ropz
False,False,True,True,16260,76561197991272318,ropz
False,False,True,True,16261,76561197991272318,ropz
False,False,True,True,16262,76561197991272318,ropz
False,False,True,True,16263,76561197991272318,ropz
False,False,True,True,16264,76561197991272318,ropz
False,False,True,True,16265,76561197991272318,ropz
False,False,True,True,16266,76561197991272318,ropz
False,False,True,True,16267,76561197991272318,ropz
False,False,True,True,16268,76561197991272318,ropz
False,False,False,True,16269,76561197991272318,ropz
False,False,False,True,16270,76561197991272318,ropz
False,False,False,True,16271,76561197991272318,ropz
False,False,False,True,16272,76561197991272318,ropz
False,False,False,True,16273,76561197991272318,ropz
False,False,False,True,16274,76561197991272318,ropz
False,False,False,True,16275,76561197991272318,ropz
False,False,False,True,16276,76561197991272318,ropz
False,False,False,True,16277,76561197991272318,ropz
False,False,False,True,16278,76561197991272318,ropz
False,False,False,True,16279,76561197991272318,ropz
False,False,True,True,16280,76561197991272318,ropz
False,False,True,True,16281,76561197991272318,ropz
False,False,True,True,16282,76561197991272318,ropz
False,False,True,True,16283,76561197991272318,ropz
False,False,True,True,16284,76561197991272318,ropz
False,False,True,True,16285,76561197991272318,ropz
False,False,True,False,16286,76561197991272318,ropz
False,False,True,False,16287,76561197991272318,ropz
False,False,True,False,16288,76561197991272318,ropz
False,False,True,False,16289,76561197991272318,ropz
False,False,True,False,16290,76561197991272318,ropz
False,False,True,False,16291,76561197991272318,ropz
False,False,True,False,16292,76561197991272318,ropz
False,False,True,False,16293,76561197991272318,ropz
False,False,True,False,16294,76561197991272318,ropz
False,False,True,False,16295,76561197991272318,ropz
False,False,True,False,16296,76561197991272318,ropz
False,False,True,False,16297,76561197991272318,ropz
False,False,True,False,16298,76561197991272318,ropz
False,False,True,False,16299,76561197991272318,ropz
False,False,True,False,16300,76561197991272318,ropz
False,False,True,False,16301,76561197991272318,ropz
False,False,True,False,16302,76561197991272318,ropz
False,False,True,False,16303,76561197991272318,ropz
False,False,True,False,16304,76561197991272318,ropz
False,False,True,False,16305,76561197991272318,ropz
False,False,True,False,16306,76561197991272318,ropz
False,False,True,False,16307,76561197991272318,ropz
False,False,True,False,16308,76561197991272318,ropz
False,False,True,False,16309,76561197991272318,ropz
False,False,True,False,16310,76561197991272318,ropz
False,False,True,False,16311,76561197991272318,ropz
False,False,True,False,16312,76561197991272318,ropz
False,False,True,False,16313,76561197991272318,ropz
False,False,True,False,16314,76561197991272318,ropz
False,False,True,False,16315,76561197991272318,ropz
False,False,True,False,16316,76561197991272318,ropz
False,False,True,False,16317,76561197991272318,ropz
False,False,True,False,16318,76561197991272318,ropz
False,False,True,False,16319,76561197991272318,ropz
False,False,True,False,16320,76561197991272318,ropz
False,False,True,False,16321,76561197991272318,ropz
False,False,True,False,16322,76561197991272318,ropz
False,False,True,False,16323,76561197991272318,ropz
False,False,True,False,16324,76561197991272318,ropz
False,False,True,False,16325,76561197991272318,ropz
False,False,True,False,16326,76561197991272318,ropz
False,False,True,False,16327,76561197991272318,ropz
False,False,True,False,16328,76561197991272318,ropz
False,False,True,False,16329,76561197991272318,ropz
False,False,True,False,16330,76561197991272318,ropz
False,False,True,False,16331,76561197991272318,ropz
False,False,True,False,16332,76561197991272318,ropz
False,False,True,False,16333,76561197991272318,ropz
False,False,True,False,16334,76561197991272318,ropz
False,False,True,False,16335,76561197991272318,ropz
False,False,True,False,16336,76561197991272318,ropz
False,False,True,False,16337,76561197991272318,ropz
False,False,True,False,16338,76561197991272318,ropz
False,False,True,False,16339,76561197991272318,ropz
False,False,True,False,16340,76561197991272318,ropz
False,False,True,False,16341,76561197991272318,ropz
False,False,True,False,16342,76561197991272318,ropz
False,False,True,False,16343,76561197991272318,ropz
False,False,True,False,16344,76561197991272318,ropz
False,False,True,False,16345,76561197991272318,ropz
False,False,True,False,16346,76561197991272318,ropz
False,False,True,False,16347,76561197991272318,ropz
False,False,True,False,16348,76561197991272318,ropz
False,False,True,False,16349,76561197991272318,ropz
False,False,True,False,16350,76561197991272318,ropz
False,False,True,False,16351,76561197991272318,ropz
False,False,True,False,16352,76561197991272318,ropz
False,False,True,False,16353,76561197991272318,ropz
False,False,True,False,16354,76561197991272318,ropz
False,False,True,False,16355,76561197991272318,ropz
False,False,True,False,16356,76561197991272318,ropz
False,False,True,False,16357,76561197991272318,ropz
False,False,True,False,16358,76561197991272318,ropz
False,False,True,False,16359,76561197991272318,ropz
False,False,True,False,16360,76561197991272318,ropz
False,False,True,False,16361,76561197991272318,ropz
False,False,True,False,16362,76561197991272318,ropz
False,False,True,False,16363,76561197991272318,ropz
False,False,True,False,16364,76561197991272318,ropz
False,False,True,False,16365,76561197991272318,ropz
False,False,True,False,16366,76561197991272318,ropz
False,False,True,False,16367,76561197991272318,ropz
False,False,True,False,16368,76561197991272318,ropz
False,False,True,False,16369,76561197991272318,ropz
False,False,True,False,16370,76561197991272318,ropz
False,False,True,False,16371,76561197991272318,ropz
False,False,True,False,16372,76561197991272318,ropz
False,False,True,False,16373,76561197991272318,ropz
False,False,True,False,16374,76561197991272318,ropz
False,False,True,False,16375,76561197991272318,ropz
False,False,True,False,16376,76561197991272318,ropz
False,False,True,False,16377,76561197991272318,ropz
False,False,True,False,16378,76561197991272318,ropz
False,False,True,False,16379,76561197991272318,ropz
False,False,True,False,16380,76561197991272318,ropz
False,False,True,False,16381,76561197991272318,ropz
False,False,True,False,16382,76561197991272318,ropz
False,False,True,False,16383,76561197991272318,ropz
False,False,True,False,16384,76561197991272318,ropz
False,False,True,False,16385,76561197991272318,ropz
False,False,True,False,16386,76561197991272318,ropz
False,False,True,False,16387,76561197991272318,ropz
False,False,True,False,16388,76561197991272318,ropz
False,False,True,False,16389,76561197991272318,ropz
False,False,True,False,16390,76561197991272318,ropz
False,False,True,False,16391,76561197991272318,ropz
False,False,True,False,16392,76561197991272318,ropz
False,False,True,False,16393,76561197991272318,ropz
False,False,True,False,16394,76561197991272318,ropz
False,False,True,False,16395,76561197991272318,ropz
False,False,True,False,16396,76561197991272318,ropz
False,False,True,False,16397,76561197991272318,ropz
False,False,True,False,16398,76561197991272318,ropz
False,False,True,False,16399,76561197991272318,ropz
False,False,True,False,16400,76561197991272318,ropz
False,False,True,False,16401,76561197991272318,ropz
False,False,True,False,16402,76561197991272318,ropz
False,False,True,False,16403,76561197991272318,ropz
False,False,True,False,16404,76561197991272318,ropz
False,False,True,False,16405,76561197991272318,ropz
False,False,True,False,16406,76561197991272318,ropz
False,False,True,False,16407,76561197991272318,ropz
False,False,True,False,16408,76561197991272318,ropz
False,False,True,False,16409,76561197991272318,ropz
False,False,True,False,16410,76561197991272318,ropz
False,False,True,False,16411,76561197991272318,ropz
False,False,True,False,16412,76561197991272318,ropz
False,False,True,False,16413,76561197991272318,ropz
False,False,True,False,16414,76561197991272318,ropz
False,False,True,False,16415,76561197991272318,ropz
False,False,True,False,16416,76561197991272318,ropz
False,False,True,False,16417,76561197991272318,ropz
False,False,True,False,16418,76561197991272318,ropz
False,False,True,False,16419,76561197991272318,ropz
False,False,True,False,16420,76561197991272318,ropz
False,False,True,False,16421,76561197991272318,ropz
False,False,True,False,16422,76561197991272318,ropz
False,False,True,False,16423,76561197991272318,ropz
False,False,True,False,16424,76561197991272318,ropz
False,False,True,False,16425,76561197991272318,ropz
False,False,True,False,16426,76561197991272318,ropz
False,False,True,False,16427,76561197991272318,ropz
False,False,True,False,16428,76561197991272318,ropz
False,False,True,False,16429,76561197991272318,ropz
False,False,True,False,16430,76561197991272318,ropz
False,False,True,False,16431,76561197991272318,ropz
False,False,True,False,16432,76561197991272318,ropz
False,False,True,False,16433,76561197991272318,ropz
False,False,True,False,16434,76561197991272318,ropz
False,False,True,False,16435,76561197991272318,ropz
False,False,True,False,16436,76561197991272318,ropz
False,False,True,False,16437,76561197991272318,ropz
False,False,True,False,16438,76561197991272318,ropz
False,False,True,False,16439,76561197991272318,ropz
False,False,True,False,16440,76561197991272318,ropz
False,False,True,False,16441,76561197991272318,ropz
False,False,True,False,16442,76561197991272318,ropz
False,False,True,False,16443,76561197991272318,ropz
False,False,True,False,16444,76561197991272318,ropz
False,False,True,False,16445,76561197991272318,ropz
False,False,True,False,16446,76561197991272318,ropz
False,False,True,False,16447,76561197991272318,ropz
False,False,True,False,16448,76561197991272318,ropz
False,False,True,False,16449,76561197991272318,ropz
False,False,True,False,16450,76561197991272318,ropz
False,False,True,False,16451,76561197991272318,ropz
False,False,True,False,16452,76561197991272318,ropz
False,False,True,False,16453,76561197991272318,ropz
False,False,True,False,16454,76561197991272318,ropz
False,False,True,False,16455,76561197991272318,ropz
False,False,True,False,16456,76561197991272318,ropz
False,False,True,False,16457,76561197991272318,ropz
False,False,True,False,16458,76561197991272318,ropz
False,False,True,False,16459,76561197991272318,ropz
False,False,True,False,16460,76561197991272318,ropz
False,False,True,False,16461,76561197991272318,ropz
False,False,True,False,16462,76561197991272318,ropz
False,False,True,False,16463,76561197991272318,ropz
False,False,True,False,16464,76561197991272318,ropz
False,False,True,False,16465,76561197991272318,ropz
False,False,True,False,16466,76561197991272318,ropz
False,False,True,False,16467,76561197991272318,ropz
False,False,True,False,16468,76561197991272318,ropz
False,False,True,False,16469,76561197991272318,ropz
False,False,True,False,16470,76561197991272318,ropz
False,False,True,False,16471,76561197991272318,ropz
False,False,True,False,16472,76561197991272318,ropz
False,False,True,False,16473,76561197991272318,ropz
False,False,True,False,16474,76561197991272318,ropz
False,False,True,False,16475,76561197991272318,ropz
False,False,True,False,16476,76561197991272318,ropz
False,False,True,False,16477,76561197991272318,ropz
False,False,True,False,16478,76561197991272318,ropz
False,False,True,False,16479,76561197991272318,ropz
False,False,True,False,16480,76561197991272318,ropz
False,False,True,False,16481,76561197991272318,ropz
False,False,True,False,16482,76561197991272318,ropz
False,False,True,False,16483,76561197991272318,ropz
False,False,True,False,16484,76561197991272318,ropz
False,False,True,False,16485,76561197991272318,ropz
False,False,True,False,16486,76561197991272318,ropz
False,False,True,False,16487,76561197991272318,ropz
False,False,True,False,16488,76561197991272318,ropz
False,False,True,False,16489,76561197991272318,ropz
False,False,True,False,16490,76561197991272318,ropz
False,False,True,True,16491,76561197991272318,ropz
False,False,True,True,16492,76561197991272318,ropz
False,False,True,True,16493,76561197991272318,ropz
False,False,True,True,16494,76561197991272318,ropz
False,False,True,True,16495,76561197991272318,ropz
False,False,True,True,16496,76561197991272318,ropz
False,False,True,True,16497,76561197991272318,ropz
False,False,True,True,16498,76561197991272318,ropz
False,False,True,False,16499,76561197991272318,ropz
False,False,True,False,16500,76561197991272318,ropz
False,False,True,False,16501,76561197991272318,ropz
False,False,True,False,16502,76561197991272318,ropz
False,False,True,False,16503,76561197991272318,ropz
False,False,True,False,16504,76561197991272318,ropz
False,False,True,False,16505,76561197991272318,ropz
False,False,True,False,16506,76561197991272318,ropz
False,False,True,False,16507,76561197991272318,ropz
False,False,True,False,16508,76561197991272318,ropz
False,False,True,False,16509,76561197991272318,ropz
False,False,True,False,16510,76561197991272318,ropz
False,False,True,False,16511,76561197991272318,ropz
False,False,True,False,16512,76561197991272318,ropz
False,False,True,False,16513,76561197991272318,ropz
False,False,True,True,16514,76561197991272318,ropz
False,False,True,True,16515,76561197991272318,ropz
False,False,True,True,16516,76561197991272318,ropz
False,False,True,True,16517,76561197991272318,ropz
False,False,True,True,16518,76561197991272318,ropz
False,False,True,True,16519,76561197991272318,ropz
False,False,True,True,16520,76561197991272318,ropz
False,False,True,True,16521,76561197991272318,ropz
False,False,True,False,16522,76561197991272318,ropz
False,False,True,False,16523,76561197991272318,ropz
False,False,True,False,16524,76561197991272318,ropz
False,False,True,False,16525,76561197991272318,ropz
False,False,True,False,16526,76561197991272318,ropz
False,False,True,False,16527,76561197991272318,ropz
False,False,True,False,16528,76561197991272318,ropz
False,False,True,False,16529,76561197991272318,ropz
False,False,True,False,16530,76561197991272318,ropz
False,False,True,False,16531,76561197991272318,ropz
False,False,True,False,16532,76561197991272318,ropz
False,False,True,False,16533,76561197991272318,ropz
False,False,True,False,16534,76561197991272318,ropz
False,False,True,False,16535,76561197991272318,ropz
False,False,True,False,16536,76561197991272318,ropz
False,False,True,False,16537,76561197991272318,ropz
False,False,True,False,16538,76561197991272318,ropz
False,False,True,False,16539,76561197991272318,ropz
False,False,True,False,16540,76561197991272318,ropz
False,False,True,False,16541,76561197991272318,ropz
False,False,True,False,16542,76561197991272318,ropz
False,False,True,False,16543,76561197991272318,ropz
False,False,True,False,16544,76561197991272318,ropz
False,False,True,False,16545,76561197991272318,ropz
False,False,True,False,16546,76561197991272318,ropz
False,False,True,False,16547,76561197991272318,ropz
False,False,True,False,16548,76561197991272318,ropz
False,False,True,False,16549,76561197991272318,ropz
False,False,True,False,16550,76561197991272318,ropz
False,False,True,False,16551,76561197991272318,ropz
False,False,True,False,16552,76561197991272318,ropz
False,False,True,False,16553,76561197991272318,ropz
False,False,True,False,16554,76561197991272318,ropz
False,False,True,False,16555,76561197991272318,ropz
False,False,True,False,16556,76561197991272318,ropz
False,False,True,False,16557,76561197991272318,ropz
False,False,True,False,16558,76561197991272318,ropz
False,False,True,False,16559,76561197991272318,ropz
False,False,True,False,16560,76561197991272318,ropz
False,False,True,False,16561,76561197991272318,ropz
